sales_id,Date,Territory,territory_key,Region,region_key,Category,Product,Value,Volume,Customer_Segment,customer_segment_key
SALE-020001,27-01-2026,Bangalore,1,West,3,C,P2,29756,121,Online,1
SALE-020002,25-02-2026,Bangalore,1,West,3,D,P1,4405,97,Wholesale,3
SALE-020003,18-04-2026,Chennai,2,South,2,E,P1,74063,151,Wholesale,3
SALE-020004,10-02-2026,Chennai,2,South,2,E,P3,1351,438,Retail,2
SALE-020005,28-03-2026,Mumbai,4,West,3,C,P2,28721,440,Retail,2
SALE-020006,30-03-2026,Bangalore,1,West,3,D,P1,47552,483,Online,1
SALE-020007,21-01-2026,Delhi,3,North,1,D,P5,16861,243,Online,1
SALE-020008,18-01-2026,Delhi,3,North,1,E,P3,76174,148,Wholesale,3
SALE-020009,01-03-2026,Bangalore,1,West,3,B,P3,10958,487,Wholesale,3
SALE-020010,04-04-2026,Bangalore,1,West,3,C,P4,83820,477,Retail,2
SALE-020011,19-01-2026,Chennai,2,South,2,C,P2,88341,186,Retail,2
SALE-020012,11-03-2026,Chennai,2,South,2,B,P2,61089,244,Wholesale,3
SALE-020013,09-01-2026,Chennai,2,South,2,C,P1,30521,470,Wholesale,3
SALE-020014,22-03-2026,Delhi,3,North,1,C,P1,28153,340,Retail,2
SALE-020015,06-02-2026,Chennai,2,South,2,D,P4,84759,284,Wholesale,3
SALE-020016,20-04-2026,Delhi,3,North,1,B,P5,71144,184,Online,1
SALE-020017,24-01-2026,Mumbai,4,West,3,B,P2,67284,302,Retail,2
SALE-020018,17-01-2026,Bangalore,1,West,3,B,P2,89692,266,Online,1
SALE-020019,03-01-2026,Mumbai,4,West,3,E,P4,69852,178,Retail,2
SALE-020020,29-01-2026,Bangalore,1,West,3,E,P3,84512,224,Wholesale,3
SALE-020021,09-03-2026,Delhi,3,North,1,B,P4,925,419,Retail,2
SALE-020022,20-02-2026,Chennai,2,South,2,A,P3,84248,309,Wholesale,3
SALE-020023,24-03-2026,Chennai,2,South,2,B,P5,70014,50,Retail,2
SALE-020024,15-01-2026,Mumbai,4,West,3,A,P3,40806,172,Online,1
SALE-020025,18-01-2026,Chennai,2,South,2,A,P1,96432,298,Wholesale,3
SALE-020026,19-04-2026,Chennai,2,South,2,D,P5,22143,185,Online,1
SALE-020027,06-04-2026,Chennai,2,South,2,B,P3,52796,393,Wholesale,3
SALE-020028,17-01-2026,Mumbai,4,West,3,D,P1,32993,165,Wholesale,3
SALE-020029,26-02-2026,Delhi,3,North,1,E,P5,30661,351,Online,1
SALE-020030,26-03-2026,Bangalore,1,West,3,A,P2,9334,66,Online,1
SALE-020031,24-02-2026,Bangalore,1,West,3,B,P3,88184,298,Wholesale,3
SALE-020032,02-05-2026,Chennai,2,South,2,E,P5,62453,174,Wholesale,3
SALE-020033,01-04-2026,Mumbai,4,West,3,A,P1,86874,270,Online,1
SALE-020034,26-01-2026,Mumbai,4,West,3,D,P1,88759,384,Retail,2
SALE-020035,18-02-2026,Bangalore,1,West,3,C,P1,33091,148,Retail,2
SALE-020036,05-03-2026,Mumbai,4,West,3,D,P2,37009,286,Online,1
SALE-020037,04-01-2026,Bangalore,1,West,3,E,P1,7130,383,Retail,2
SALE-020038,24-02-2026,Bangalore,1,West,3,B,P4,64153,296,Online,1
SALE-020039,09-03-2026,Mumbai,4,West,3,B,P4,782,249,Online,1
SALE-020040,05-05-2026,Mumbai,4,West,3,D,P5,87252,417,Retail,2
SALE-020041,16-01-2026,Chennai,2,South,2,C,P2,8165,346,Online,1
SALE-020042,10-02-2026,Delhi,3,North,1,A,P5,62993,307,Online,1
SALE-020043,18-01-2026,Bangalore,1,West,3,A,P2,9481,354,Wholesale,3
SALE-020044,11-01-2026,Chennai,2,South,2,A,P5,32771,346,Retail,2
SALE-020045,08-03-2026,Bangalore,1,West,3,E,P5,69022,211,Retail,2
SALE-020046,03-02-2026,Chennai,2,South,2,C,P2,35314,252,Wholesale,3
SALE-020047,26-01-2026,Delhi,3,North,1,C,P1,1720,284,Retail,2
SALE-020048,31-03-2026,Bangalore,1,West,3,B,P5,35260,117,Wholesale,3
SALE-020049,19-03-2026,Bangalore,1,West,3,C,P3,21176,274,Online,1
SALE-020050,04-02-2026,Bangalore,1,West,3,E,P3,87451,103,Wholesale,3
SALE-020051,14-03-2026,Delhi,3,North,1,A,P5,20874,189,Online,1
SALE-020052,09-03-2026,Chennai,2,South,2,C,P2,90611,374,Wholesale,3
SALE-020053,12-03-2026,Mumbai,4,West,3,A,P1,83636,266,Retail,2
SALE-020054,11-02-2026,Bangalore,1,West,3,C,P2,84007,184,Online,1
SALE-020055,20-01-2026,Mumbai,4,West,3,D,P5,1767,107,Wholesale,3
SALE-020056,07-02-2026,Chennai,2,South,2,A,P3,76850,332,Wholesale,3
SALE-020057,11-01-2026,Mumbai,4,West,3,A,P3,48295,457,Online,1
SALE-020058,15-04-2026,Delhi,3,North,1,B,P1,46857,449,Online,1
SALE-020059,15-02-2026,Chennai,2,South,2,B,P2,54540,62,Online,1
SALE-020060,28-01-2026,Delhi,3,North,1,B,P3,21366,453,Retail,2
SALE-020061,28-04-2026,Mumbai,4,West,3,D,P2,26658,468,Online,1
SALE-020062,19-02-2026,Delhi,3,North,1,B,P2,3601,387,Retail,2
SALE-020063,11-05-2026,Mumbai,4,West,3,C,P1,37085,229,Retail,2
SALE-020064,08-03-2026,Mumbai,4,West,3,E,P3,4117,109,Wholesale,3
SALE-020065,22-04-2026,Chennai,2,South,2,C,P1,14708,355,Wholesale,3
SALE-020066,30-01-2026,Delhi,3,North,1,C,P4,79957,311,Wholesale,3
SALE-020067,22-04-2026,Mumbai,4,West,3,B,P3,6317,412,Wholesale,3
SALE-020068,18-01-2026,Bangalore,1,West,3,E,P2,48239,270,Wholesale,3
SALE-020069,10-05-2026,Delhi,3,North,1,C,P1,94839,203,Wholesale,3
SALE-020070,17-03-2026,Delhi,3,North,1,D,P3,53243,406,Wholesale,3
SALE-020071,14-02-2026,Chennai,2,South,2,D,P4,89277,433,Online,1
SALE-020072,23-02-2026,Delhi,3,North,1,E,P1,40329,196,Retail,2
SALE-020073,24-04-2026,Mumbai,4,West,3,E,P3,61446,276,Wholesale,3
SALE-020074,14-03-2026,Chennai,2,South,2,D,P2,86856,93,Wholesale,3
SALE-020075,20-02-2026,Delhi,3,North,1,B,P3,29944,462,Online,1
SALE-020076,19-01-2026,Chennai,2,South,2,A,P2,62777,362,Online,1
SALE-020077,09-04-2026,Mumbai,4,West,3,E,P2,94655,406,Retail,2
SALE-020078,02-01-2026,Mumbai,4,West,3,B,P2,86490,402,Retail,2
SALE-020079,29-04-2026,Bangalore,1,West,3,B,P2,91714,315,Retail,2
SALE-020080,29-04-2026,Bangalore,1,West,3,B,P1,60329,118,Wholesale,3
SALE-020081,25-04-2026,Delhi,3,North,1,E,P5,56433,475,Retail,2
SALE-020082,05-03-2026,Chennai,2,South,2,D,P4,34472,434,Wholesale,3
SALE-020083,20-01-2026,Delhi,3,North,1,D,P2,36492,275,Wholesale,3
SALE-020084,21-01-2026,Delhi,3,North,1,C,P3,42404,326,Online,1
SALE-020085,24-02-2026,Chennai,2,South,2,B,P4,91457,128,Online,1
SALE-020086,17-04-2026,Bangalore,1,West,3,D,P3,71621,288,Retail,2
SALE-020087,06-01-2026,Bangalore,1,West,3,D,P4,77056,406,Online,1
SALE-020088,10-04-2026,Mumbai,4,West,3,A,P3,39639,435,Retail,2
SALE-020089,26-02-2026,Mumbai,4,West,3,E,P5,29406,299,Wholesale,3
SALE-020090,14-04-2026,Delhi,3,North,1,D,P1,51468,222,Retail,2
SALE-020091,11-04-2026,Chennai,2,South,2,B,P5,70508,63,Retail,2
SALE-020092,13-01-2026,Bangalore,1,West,3,D,P2,61015,143,Online,1
SALE-020093,28-03-2026,Delhi,3,North,1,C,P2,60098,217,Retail,2
SALE-020094,05-01-2026,Mumbai,4,West,3,D,P3,11235,290,Retail,2
SALE-020095,08-01-2026,Bangalore,1,West,3,B,P1,85926,70,Retail,2
SALE-020096,02-02-2026,Chennai,2,South,2,A,P5,20473,172,Online,1
SALE-020097,07-03-2026,Mumbai,4,West,3,A,P5,29069,288,Wholesale,3
SALE-020098,30-01-2026,Delhi,3,North,1,E,P5,98532,417,Online,1
SALE-020099,07-04-2026,Chennai,2,South,2,A,P5,3865,209,Retail,2
SALE-020100,04-03-2026,Mumbai,4,West,3,B,P1,78107,403,Wholesale,3
SALE-020101,11-01-2026,Bangalore,1,West,3,C,P5,16366,457,Wholesale,3
SALE-020102,29-03-2026,Delhi,3,North,1,D,P3,9538,309,Wholesale,3
SALE-020103,28-04-2026,Bangalore,1,West,3,D,P1,57322,235,Retail,2
SALE-020104,04-05-2026,Chennai,2,South,2,B,P5,85756,188,Retail,2
SALE-020105,04-03-2026,Mumbai,4,West,3,E,P3,42745,486,Retail,2
SALE-020106,08-04-2026,Bangalore,1,West,3,D,P2,98866,287,Retail,2
SALE-020107,24-02-2026,Delhi,3,North,1,D,P3,24334,299,Online,1
SALE-020108,12-03-2026,Delhi,3,North,1,C,P3,78639,409,Retail,2
SALE-020109,15-04-2026,Bangalore,1,West,3,B,P1,32135,418,Wholesale,3
SALE-020110,06-05-2026,Mumbai,4,West,3,B,P4,85159,414,Wholesale,3
SALE-020111,04-03-2026,Mumbai,4,West,3,A,P3,29545,257,Online,1
SALE-020112,30-03-2026,Delhi,3,North,1,E,P3,62531,333,Wholesale,3
SALE-020113,27-04-2026,Mumbai,4,West,3,E,P3,46612,409,Wholesale,3
SALE-020114,19-02-2026,Delhi,3,North,1,C,P2,16314,419,Retail,2
SALE-020115,04-05-2026,Delhi,3,North,1,E,P2,25605,160,Online,1
SALE-020116,26-01-2026,Delhi,3,North,1,E,P5,78722,194,Wholesale,3
SALE-020117,04-01-2026,Chennai,2,South,2,B,P3,24019,204,Retail,2
SALE-020118,02-02-2026,Chennai,2,South,2,A,P1,73029,199,Retail,2
SALE-020119,03-05-2026,Mumbai,4,West,3,A,P5,37768,290,Online,1
SALE-020120,03-05-2026,Mumbai,4,West,3,B,P1,33592,491,Retail,2
SALE-020121,14-01-2026,Bangalore,1,West,3,D,P4,10210,345,Online,1
SALE-020122,31-01-2026,Chennai,2,South,2,E,P3,11664,177,Online,1
SALE-020123,08-04-2026,Mumbai,4,West,3,E,P5,30081,447,Wholesale,3
SALE-020124,16-01-2026,Mumbai,4,West,3,C,P5,56707,206,Retail,2
SALE-020125,10-02-2026,Bangalore,1,West,3,B,P3,87063,91,Online,1
SALE-020126,15-04-2026,Chennai,2,South,2,E,P1,21017,51,Online,1
SALE-020127,01-03-2026,Mumbai,4,West,3,E,P4,38675,66,Wholesale,3
SALE-020128,01-03-2026,Delhi,3,North,1,C,P4,9829,401,Wholesale,3
SALE-020129,27-02-2026,Delhi,3,North,1,E,P2,56223,108,Wholesale,3
SALE-020130,20-03-2026,Chennai,2,South,2,B,P1,8316,134,Retail,2
SALE-020131,14-04-2026,Delhi,3,North,1,A,P4,90766,205,Retail,2
SALE-020132,11-01-2026,Delhi,3,North,1,E,P4,57877,91,Wholesale,3
SALE-020133,24-01-2026,Mumbai,4,West,3,C,P5,33316,63,Wholesale,3
SALE-020134,10-03-2026,Chennai,2,South,2,E,P5,3219,441,Wholesale,3
SALE-020135,13-03-2026,Bangalore,1,West,3,D,P5,85894,276,Online,1
SALE-020136,31-03-2026,Chennai,2,South,2,D,P4,12459,290,Wholesale,3
SALE-020137,16-04-2026,Mumbai,4,West,3,C,P1,21579,218,Retail,2
SALE-020138,23-01-2026,Mumbai,4,West,3,D,P5,5309,282,Retail,2
SALE-020139,12-05-2026,Delhi,3,North,1,C,P1,53476,492,Retail,2
SALE-020140,18-02-2026,Bangalore,1,West,3,E,P4,54665,77,Wholesale,3
SALE-020141,10-03-2026,Delhi,3,North,1,D,P4,7264,154,Wholesale,3
SALE-020142,03-03-2026,Chennai,2,South,2,D,P4,16415,64,Retail,2
SALE-020143,24-01-2026,Chennai,2,South,2,E,P1,72884,258,Retail,2
SALE-020144,09-02-2026,Chennai,2,South,2,D,P1,85396,476,Online,1
SALE-020145,17-04-2026,Mumbai,4,West,3,C,P5,92959,189,Wholesale,3
SALE-020146,09-04-2026,Mumbai,4,West,3,B,P4,72755,124,Retail,2
SALE-020147,17-04-2026,Chennai,2,South,2,E,P2,9650,191,Wholesale,3
SALE-020148,18-03-2026,Delhi,3,North,1,C,P1,37572,421,Wholesale,3
SALE-020149,27-03-2026,Mumbai,4,West,3,D,P5,63983,226,Online,1
SALE-020150,09-04-2026,Mumbai,4,West,3,C,P2,91922,172,Retail,2
SALE-020151,08-04-2026,Chennai,2,South,2,A,P3,98109,292,Retail,2
SALE-020152,09-05-2026,Mumbai,4,West,3,B,P4,5352,114,Wholesale,3
SALE-020153,04-01-2026,Delhi,3,North,1,D,P1,69437,283,Online,1
SALE-020154,09-03-2026,Chennai,2,South,2,B,P1,62037,450,Retail,2
SALE-020155,08-04-2026,Delhi,3,North,1,D,P1,43565,486,Wholesale,3
SALE-020156,18-01-2026,Delhi,3,North,1,D,P5,5205,366,Wholesale,3
SALE-020157,22-04-2026,Chennai,2,South,2,C,P2,98380,96,Wholesale,3
SALE-020158,18-03-2026,Bangalore,1,West,3,A,P4,22305,405,Wholesale,3
SALE-020159,06-04-2026,Bangalore,1,West,3,C,P1,38952,233,Online,1
SALE-020160,16-02-2026,Mumbai,4,West,3,B,P5,54508,339,Online,1
SALE-020161,03-03-2026,Chennai,2,South,2,A,P5,50640,367,Online,1
SALE-020162,07-03-2026,Mumbai,4,West,3,B,P2,60943,376,Wholesale,3
SALE-020163,10-02-2026,Mumbai,4,West,3,A,P4,38200,396,Retail,2
SALE-020164,19-04-2026,Bangalore,1,West,3,C,P5,39710,377,Retail,2
SALE-020165,04-05-2026,Delhi,3,North,1,C,P2,50922,486,Retail,2
SALE-020166,17-03-2026,Bangalore,1,West,3,D,P5,47549,344,Online,1
SALE-020167,13-01-2026,Delhi,3,North,1,D,P3,1561,339,Online,1
SALE-020168,18-02-2026,Mumbai,4,West,3,B,P5,46679,162,Retail,2
SALE-020169,11-01-2026,Delhi,3,North,1,B,P1,82742,380,Wholesale,3
SALE-020170,03-02-2026,Delhi,3,North,1,A,P5,48323,424,Retail,2
SALE-020171,03-02-2026,Bangalore,1,West,3,C,P4,23521,152,Retail,2
SALE-020172,04-05-2026,Delhi,3,North,1,E,P3,22067,181,Wholesale,3
SALE-020173,06-02-2026,Delhi,3,North,1,C,P1,61885,88,Wholesale,3
SALE-020174,12-04-2026,Chennai,2,South,2,D,P5,48442,96,Wholesale,3
SALE-020175,09-03-2026,Bangalore,1,West,3,E,P1,60109,238,Retail,2
SALE-020176,01-05-2026,Mumbai,4,West,3,C,P1,88952,169,Wholesale,3
SALE-020177,17-01-2026,Bangalore,1,West,3,E,P3,80464,163,Wholesale,3
SALE-020178,12-01-2026,Mumbai,4,West,3,C,P4,15792,121,Wholesale,3
SALE-020179,04-02-2026,Bangalore,1,West,3,D,P1,13239,170,Retail,2
SALE-020180,09-02-2026,Mumbai,4,West,3,C,P5,55435,350,Retail,2
SALE-020181,13-03-2026,Mumbai,4,West,3,A,P4,81194,258,Wholesale,3
SALE-020182,02-03-2026,Bangalore,1,West,3,C,P2,58615,277,Wholesale,3
SALE-020183,16-01-2026,Delhi,3,North,1,C,P5,85018,233,Online,1
SALE-020184,24-02-2026,Mumbai,4,West,3,B,P1,60100,96,Retail,2
SALE-020185,22-02-2026,Bangalore,1,West,3,C,P2,17005,452,Online,1
SALE-020186,01-03-2026,Bangalore,1,West,3,B,P5,28805,466,Wholesale,3
SALE-020187,07-02-2026,Delhi,3,North,1,E,P1,36842,489,Online,1
SALE-020188,07-01-2026,Chennai,2,South,2,C,P2,14908,388,Wholesale,3
SALE-020189,05-01-2026,Chennai,2,South,2,C,P2,77682,215,Online,1
SALE-020190,30-01-2026,Chennai,2,South,2,A,P2,97718,265,Retail,2
SALE-020191,28-01-2026,Bangalore,1,West,3,D,P3,67771,353,Retail,2
SALE-020192,19-03-2026,Mumbai,4,West,3,B,P5,6183,422,Wholesale,3
SALE-020193,13-04-2026,Mumbai,4,West,3,A,P1,63281,483,Wholesale,3
SALE-020194,19-01-2026,Mumbai,4,West,3,A,P4,93875,277,Wholesale,3
SALE-020195,12-03-2026,Bangalore,1,West,3,E,P2,9109,114,Retail,2
SALE-020196,10-05-2026,Delhi,3,North,1,E,P5,39152,282,Retail,2
SALE-020197,25-02-2026,Mumbai,4,West,3,A,P5,94981,493,Online,1
SALE-020198,27-04-2026,Mumbai,4,West,3,B,P4,44924,473,Retail,2
SALE-020199,07-03-2026,Mumbai,4,West,3,A,P3,56436,210,Retail,2
SALE-020200,22-01-2026,Delhi,3,North,1,D,P1,12457,475,Online,1
SALE-020201,16-01-2026,Bangalore,1,West,3,A,P3,17554,334,Retail,2
SALE-020202,19-04-2026,Delhi,3,North,1,A,P4,46846,497,Wholesale,3
SALE-020203,10-05-2026,Bangalore,1,West,3,E,P3,46590,103,Retail,2
SALE-020204,05-04-2026,Chennai,2,South,2,D,P2,14684,229,Online,1
SALE-020205,07-01-2026,Bangalore,1,West,3,E,P2,56744,482,Retail,2
SALE-020206,21-03-2026,Delhi,3,North,1,B,P3,92604,440,Online,1
SALE-020207,13-04-2026,Delhi,3,North,1,A,P2,19276,339,Retail,2
SALE-020208,25-02-2026,Bangalore,1,West,3,A,P1,98294,321,Online,1
SALE-020209,21-03-2026,Mumbai,4,West,3,D,P3,21131,239,Retail,2
SALE-020210,10-02-2026,Delhi,3,North,1,E,P1,7395,129,Wholesale,3
SALE-020211,19-04-2026,Bangalore,1,West,3,A,P3,58579,388,Wholesale,3
SALE-020212,12-05-2026,Mumbai,4,West,3,D,P4,36304,160,Wholesale,3
SALE-020213,05-05-2026,Bangalore,1,West,3,D,P1,37625,397,Retail,2
SALE-020214,02-01-2026,Delhi,3,North,1,B,P4,79054,78,Online,1
SALE-020215,25-03-2026,Chennai,2,South,2,B,P2,33991,198,Retail,2
SALE-020216,08-04-2026,Bangalore,1,West,3,D,P4,23528,116,Online,1
SALE-020217,11-01-2026,Chennai,2,South,2,E,P3,9947,253,Wholesale,3
SALE-020218,20-04-2026,Mumbai,4,West,3,D,P1,41533,344,Online,1
SALE-020219,06-01-2026,Mumbai,4,West,3,D,P3,15596,257,Wholesale,3
SALE-020220,23-01-2026,Delhi,3,North,1,E,P4,90888,235,Online,1
SALE-020221,21-01-2026,Mumbai,4,West,3,B,P4,77684,255,Online,1
SALE-020222,13-02-2026,Mumbai,4,West,3,C,P2,44155,448,Retail,2
SALE-020223,31-03-2026,Bangalore,1,West,3,A,P5,67340,149,Wholesale,3
SALE-020224,07-03-2026,Delhi,3,North,1,B,P2,13974,124,Wholesale,3
SALE-020225,15-02-2026,Chennai,2,South,2,E,P2,86418,88,Online,1
SALE-020226,24-03-2026,Mumbai,4,West,3,E,P5,59338,398,Retail,2
SALE-020227,19-03-2026,Delhi,3,North,1,D,P1,61962,276,Online,1
SALE-020228,21-03-2026,Delhi,3,North,1,A,P3,66997,87,Wholesale,3
SALE-020229,15-03-2026,Mumbai,4,West,3,A,P1,48831,475,Retail,2
SALE-020230,09-04-2026,Bangalore,1,West,3,A,P5,78367,309,Wholesale,3
SALE-020231,18-02-2026,Mumbai,4,West,3,E,P1,59447,464,Wholesale,3
SALE-020232,26-04-2026,Delhi,3,North,1,D,P5,20273,81,Wholesale,3
SALE-020233,11-01-2026,Bangalore,1,West,3,A,P5,85189,138,Retail,2
SALE-020234,10-02-2026,Chennai,2,South,2,D,P4,69190,317,Wholesale,3
SALE-020235,28-03-2026,Delhi,3,North,1,C,P4,54078,446,Retail,2
SALE-020236,09-04-2026,Bangalore,1,West,3,C,P1,43713,98,Wholesale,3
SALE-020237,06-02-2026,Delhi,3,North,1,E,P2,44194,91,Retail,2
SALE-020238,22-01-2026,Delhi,3,North,1,D,P2,78493,412,Retail,2
SALE-020239,24-01-2026,Delhi,3,North,1,D,P3,17250,393,Wholesale,3
SALE-020240,16-02-2026,Mumbai,4,West,3,C,P1,48026,208,Wholesale,3
SALE-020241,09-02-2026,Chennai,2,South,2,D,P2,30193,120,Retail,2
SALE-020242,10-01-2026,Bangalore,1,West,3,A,P5,71248,477,Retail,2
SALE-020243,11-02-2026,Delhi,3,North,1,B,P5,49877,128,Wholesale,3
SALE-020244,12-01-2026,Chennai,2,South,2,E,P2,95026,274,Wholesale,3
SALE-020245,25-04-2026,Mumbai,4,West,3,B,P4,80531,195,Retail,2
SALE-020246,19-02-2026,Chennai,2,South,2,B,P3,61974,477,Wholesale,3
SALE-020247,14-03-2026,Delhi,3,North,1,E,P4,61013,443,Wholesale,3
SALE-020248,21-02-2026,Mumbai,4,West,3,E,P4,21741,468,Wholesale,3
SALE-020249,27-01-2026,Chennai,2,South,2,A,P4,49155,333,Retail,2
SALE-020250,12-05-2026,Bangalore,1,West,3,A,P2,36255,280,Retail,2
SALE-020251,07-01-2026,Chennai,2,South,2,A,P2,59630,228,Retail,2
SALE-020252,09-04-2026,Mumbai,4,West,3,D,P5,49515,170,Online,1
SALE-020253,27-03-2026,Bangalore,1,West,3,B,P1,42270,100,Retail,2
SALE-020254,05-02-2026,Chennai,2,South,2,A,P3,62425,406,Online,1
SALE-020255,07-03-2026,Mumbai,4,West,3,E,P1,10884,59,Retail,2
SALE-020256,29-01-2026,Chennai,2,South,2,E,P5,69676,266,Online,1
SALE-020257,18-04-2026,Delhi,3,North,1,C,P1,6758,172,Online,1
SALE-020258,05-01-2026,Mumbai,4,West,3,A,P4,78715,324,Online,1
SALE-020259,01-04-2026,Chennai,2,South,2,B,P3,56761,50,Wholesale,3
SALE-020260,22-01-2026,Chennai,2,South,2,D,P2,87580,392,Wholesale,3
SALE-020261,10-05-2026,Delhi,3,North,1,E,P5,66996,452,Online,1
SALE-020262,06-04-2026,Bangalore,1,West,3,D,P1,83818,248,Retail,2
SALE-020263,03-03-2026,Delhi,3,North,1,A,P3,9355,226,Wholesale,3
SALE-020264,28-03-2026,Bangalore,1,West,3,C,P2,6311,230,Wholesale,3
SALE-020265,04-02-2026,Chennai,2,South,2,D,P4,83302,143,Wholesale,3
SALE-020266,12-01-2026,Bangalore,1,West,3,D,P1,38962,153,Wholesale,3
SALE-020267,02-05-2026,Chennai,2,South,2,C,P3,68052,253,Online,1
SALE-020268,13-01-2026,Delhi,3,North,1,B,P3,47289,491,Online,1
SALE-020269,23-04-2026,Delhi,3,North,1,A,P3,57772,254,Retail,2
SALE-020270,05-04-2026,Mumbai,4,West,3,B,P4,91210,304,Retail,2
SALE-020271,16-02-2026,Delhi,3,North,1,D,P1,56940,358,Online,1
SALE-020272,17-03-2026,Delhi,3,North,1,A,P1,43481,388,Retail,2
SALE-020273,24-04-2026,Delhi,3,North,1,E,P4,22342,403,Retail,2
SALE-020274,12-03-2026,Delhi,3,North,1,A,P3,81089,272,Retail,2
SALE-020275,10-02-2026,Bangalore,1,West,3,D,P3,67751,460,Online,1
SALE-020276,18-01-2026,Bangalore,1,West,3,E,P4,5061,114,Online,1
SALE-020277,09-01-2026,Chennai,2,South,2,C,P3,50681,340,Wholesale,3
SALE-020278,20-01-2026,Chennai,2,South,2,D,P3,49260,277,Wholesale,3
SALE-020279,13-03-2026,Chennai,2,South,2,C,P4,41707,382,Wholesale,3
SALE-020280,10-04-2026,Chennai,2,South,2,A,P2,65910,315,Online,1
SALE-020281,15-03-2026,Bangalore,1,West,3,C,P4,28624,363,Retail,2
SALE-020282,14-02-2026,Mumbai,4,West,3,A,P2,10206,281,Online,1
SALE-020283,16-03-2026,Mumbai,4,West,3,C,P3,93500,83,Online,1
SALE-020284,01-02-2026,Delhi,3,North,1,B,P3,67183,164,Online,1
SALE-020285,05-04-2026,Chennai,2,South,2,B,P4,3945,234,Online,1
SALE-020286,21-03-2026,Mumbai,4,West,3,B,P5,11800,83,Wholesale,3
SALE-020287,15-04-2026,Mumbai,4,West,3,D,P5,54343,443,Wholesale,3
SALE-020288,13-05-2026,Bangalore,1,West,3,C,P1,59479,288,Online,1
SALE-020289,03-02-2026,Delhi,3,North,1,E,P5,24350,443,Online,1
SALE-020290,19-03-2026,Mumbai,4,West,3,A,P1,68408,128,Wholesale,3
SALE-020291,14-03-2026,Chennai,2,South,2,C,P2,45853,315,Online,1
SALE-020292,19-03-2026,Bangalore,1,West,3,B,P5,36472,114,Retail,2
SALE-020293,13-02-2026,Bangalore,1,West,3,B,P5,76606,128,Wholesale,3
SALE-020294,09-03-2026,Delhi,3,North,1,A,P1,11146,73,Wholesale,3
SALE-020295,08-05-2026,Chennai,2,South,2,D,P5,84253,65,Wholesale,3
SALE-020296,14-04-2026,Delhi,3,North,1,C,P4,32596,462,Wholesale,3
SALE-020297,17-04-2026,Delhi,3,North,1,A,P1,21219,275,Retail,2
SALE-020298,22-03-2026,Mumbai,4,West,3,B,P3,80016,123,Retail,2
SALE-020299,05-04-2026,Delhi,3,North,1,C,P4,17639,439,Wholesale,3
SALE-020300,26-04-2026,Bangalore,1,West,3,B,P4,16559,186,Retail,2
SALE-020301,18-04-2026,Chennai,2,South,2,A,P1,38538,246,Online,1
SALE-020302,18-02-2026,Chennai,2,South,2,C,P5,95019,210,Online,1
SALE-020303,20-03-2026,Chennai,2,South,2,E,P4,65873,500,Retail,2
SALE-020304,03-03-2026,Mumbai,4,West,3,A,P4,66749,284,Online,1
SALE-020305,07-05-2026,Chennai,2,South,2,C,P1,7124,194,Wholesale,3
SALE-020306,04-02-2026,Mumbai,4,West,3,E,P1,14589,270,Retail,2
SALE-020307,13-04-2026,Delhi,3,North,1,C,P4,48464,73,Wholesale,3
SALE-020308,15-03-2026,Bangalore,1,West,3,E,P2,48016,333,Wholesale,3
SALE-020309,31-01-2026,Bangalore,1,West,3,E,P4,72570,193,Retail,2
SALE-020310,04-04-2026,Chennai,2,South,2,D,P3,44944,335,Online,1
SALE-020311,11-01-2026,Chennai,2,South,2,E,P5,53110,306,Online,1
SALE-020312,27-04-2026,Bangalore,1,West,3,B,P3,62594,315,Online,1
SALE-020313,23-03-2026,Chennai,2,South,2,E,P2,43487,363,Wholesale,3
SALE-020314,10-05-2026,Chennai,2,South,2,E,P3,78320,222,Retail,2
SALE-020315,05-01-2026,Mumbai,4,West,3,E,P3,62745,467,Wholesale,3
SALE-020316,07-01-2026,Delhi,3,North,1,A,P4,77007,207,Retail,2
SALE-020317,14-01-2026,Mumbai,4,West,3,E,P5,30324,419,Retail,2
SALE-020318,04-03-2026,Mumbai,4,West,3,E,P5,50332,125,Online,1
SALE-020319,22-03-2026,Bangalore,1,West,3,A,P2,2982,275,Wholesale,3
SALE-020320,01-05-2026,Mumbai,4,West,3,D,P2,54288,306,Online,1
SALE-020321,25-03-2026,Bangalore,1,West,3,B,P5,27676,337,Wholesale,3
SALE-020322,29-03-2026,Mumbai,4,West,3,D,P3,23199,285,Wholesale,3
SALE-020323,05-03-2026,Delhi,3,North,1,C,P5,63962,148,Wholesale,3
SALE-020324,15-03-2026,Delhi,3,North,1,C,P2,39508,444,Wholesale,3
SALE-020325,12-03-2026,Chennai,2,South,2,D,P3,63388,228,Wholesale,3
SALE-020326,30-03-2026,Delhi,3,North,1,E,P5,50267,252,Online,1
SALE-020327,30-03-2026,Chennai,2,South,2,A,P3,94103,90,Retail,2
SALE-020328,11-03-2026,Mumbai,4,West,3,C,P4,28547,153,Wholesale,3
SALE-020329,03-03-2026,Delhi,3,North,1,A,P5,97610,350,Online,1
SALE-020330,14-01-2026,Chennai,2,South,2,E,P2,84116,169,Online,1
SALE-020331,05-02-2026,Bangalore,1,West,3,C,P4,13678,398,Retail,2
SALE-020332,02-05-2026,Bangalore,1,West,3,B,P4,86075,500,Wholesale,3
SALE-020333,16-01-2026,Mumbai,4,West,3,B,P3,42596,196,Wholesale,3
SALE-020334,10-01-2026,Bangalore,1,West,3,E,P2,70643,428,Wholesale,3
SALE-020335,07-05-2026,Chennai,2,South,2,B,P1,52534,453,Retail,2
SALE-020336,28-01-2026,Chennai,2,South,2,C,P1,1714,202,Wholesale,3
SALE-020337,04-02-2026,Delhi,3,North,1,D,P5,69223,302,Retail,2
SALE-020338,28-04-2026,Mumbai,4,West,3,B,P1,43843,133,Retail,2
SALE-020339,17-03-2026,Delhi,3,North,1,B,P1,97049,222,Wholesale,3
SALE-020340,25-03-2026,Chennai,2,South,2,E,P4,56559,313,Online,1
SALE-020341,24-03-2026,Bangalore,1,West,3,A,P2,18930,294,Retail,2
SALE-020342,10-03-2026,Chennai,2,South,2,C,P4,31370,278,Online,1
SALE-020343,03-04-2026,Delhi,3,North,1,E,P5,1998,183,Retail,2
SALE-020344,14-04-2026,Chennai,2,South,2,A,P4,40713,131,Online,1
SALE-020345,26-02-2026,Delhi,3,North,1,A,P3,48674,364,Wholesale,3
SALE-020346,06-04-2026,Chennai,2,South,2,D,P2,60134,432,Online,1
SALE-020347,25-02-2026,Mumbai,4,West,3,E,P4,99767,325,Wholesale,3
SALE-020348,03-04-2026,Chennai,2,South,2,E,P1,69379,278,Wholesale,3
SALE-020349,21-02-2026,Bangalore,1,West,3,A,P1,72281,308,Wholesale,3
SALE-020350,22-02-2026,Chennai,2,South,2,C,P5,58412,109,Online,1
SALE-020351,03-02-2026,Mumbai,4,West,3,E,P4,7792,282,Online,1
SALE-020352,20-03-2026,Mumbai,4,West,3,E,P1,73742,286,Retail,2
SALE-020353,19-01-2026,Bangalore,1,West,3,C,P1,98254,161,Retail,2
SALE-020354,18-01-2026,Bangalore,1,West,3,C,P1,71431,80,Retail,2
SALE-020355,04-02-2026,Mumbai,4,West,3,C,P4,24090,443,Online,1
SALE-020356,21-01-2026,Mumbai,4,West,3,D,P4,49979,242,Retail,2
SALE-020357,11-04-2026,Chennai,2,South,2,C,P1,23892,325,Wholesale,3
SALE-020358,18-03-2026,Chennai,2,South,2,B,P1,99613,61,Wholesale,3
SALE-020359,28-02-2026,Mumbai,4,West,3,E,P4,70221,244,Wholesale,3
SALE-020360,29-01-2026,Chennai,2,South,2,C,P2,36629,146,Retail,2
SALE-020361,22-02-2026,Bangalore,1,West,3,D,P5,2550,173,Wholesale,3
SALE-020362,13-01-2026,Bangalore,1,West,3,E,P1,59015,356,Online,1
SALE-020363,25-02-2026,Chennai,2,South,2,A,P4,58035,169,Wholesale,3
SALE-020364,23-03-2026,Bangalore,1,West,3,E,P3,31192,467,Online,1
SALE-020365,26-02-2026,Delhi,3,North,1,C,P2,87035,316,Online,1
SALE-020366,14-02-2026,Mumbai,4,West,3,C,P1,73470,352,Retail,2
SALE-020367,08-04-2026,Mumbai,4,West,3,D,P1,45643,379,Wholesale,3
SALE-020368,07-04-2026,Delhi,3,North,1,D,P4,20058,203,Wholesale,3
SALE-020369,06-02-2026,Chennai,2,South,2,D,P2,30036,203,Wholesale,3
SALE-020370,04-02-2026,Mumbai,4,West,3,E,P4,55092,335,Online,1
SALE-020371,21-01-2026,Mumbai,4,West,3,C,P2,43788,381,Online,1
SALE-020372,18-02-2026,Mumbai,4,West,3,A,P5,95472,474,Retail,2
SALE-020373,19-01-2026,Bangalore,1,West,3,D,P5,79526,70,Retail,2
SALE-020374,27-03-2026,Chennai,2,South,2,E,P2,63335,156,Wholesale,3
SALE-020375,03-05-2026,Delhi,3,North,1,B,P2,97686,110,Online,1
SALE-020376,24-03-2026,Chennai,2,South,2,E,P2,52487,172,Wholesale,3
SALE-020377,20-03-2026,Delhi,3,North,1,D,P5,85529,233,Retail,2
SALE-020378,01-05-2026,Delhi,3,North,1,E,P4,61580,100,Retail,2
SALE-020379,26-02-2026,Delhi,3,North,1,C,P3,54754,73,Online,1
SALE-020380,17-04-2026,Chennai,2,South,2,C,P5,77050,346,Online,1
SALE-020381,04-03-2026,Delhi,3,North,1,B,P3,30649,244,Online,1
SALE-020382,06-05-2026,Mumbai,4,West,3,C,P3,64544,420,Wholesale,3
SALE-020383,06-05-2026,Mumbai,4,West,3,C,P2,18844,418,Online,1
SALE-020384,20-01-2026,Chennai,2,South,2,A,P5,4933,479,Wholesale,3
SALE-020385,18-01-2026,Bangalore,1,West,3,D,P2,83167,168,Online,1
SALE-020386,16-01-2026,Chennai,2,South,2,B,P5,60270,241,Online,1
SALE-020387,16-04-2026,Mumbai,4,West,3,D,P1,1366,322,Wholesale,3
SALE-020388,05-01-2026,Bangalore,1,West,3,E,P3,70720,196,Online,1
SALE-020389,03-03-2026,Mumbai,4,West,3,A,P1,69232,126,Online,1
SALE-020390,12-04-2026,Chennai,2,South,2,E,P3,46957,186,Wholesale,3
SALE-020391,27-02-2026,Bangalore,1,West,3,D,P4,74555,174,Retail,2
SALE-020392,08-04-2026,Delhi,3,North,1,A,P1,12755,257,Wholesale,3
SALE-020393,13-02-2026,Mumbai,4,West,3,D,P1,83959,54,Wholesale,3
SALE-020394,25-01-2026,Bangalore,1,West,3,D,P3,74667,489,Retail,2
SALE-020395,12-01-2026,Bangalore,1,West,3,B,P5,62824,188,Online,1
SALE-020396,09-01-2026,Bangalore,1,West,3,C,P5,74360,386,Wholesale,3
SALE-020397,12-04-2026,Chennai,2,South,2,A,P2,77443,123,Retail,2
SALE-020398,10-04-2026,Bangalore,1,West,3,B,P5,32019,340,Retail,2
SALE-020399,30-03-2026,Delhi,3,North,1,B,P1,66139,431,Retail,2
SALE-020400,12-04-2026,Bangalore,1,West,3,D,P2,10463,224,Online,1
SALE-020401,02-04-2026,Delhi,3,North,1,C,P4,64804,166,Online,1
SALE-020402,22-01-2026,Mumbai,4,West,3,B,P5,87095,244,Retail,2
SALE-020403,08-04-2026,Delhi,3,North,1,A,P1,35623,128,Online,1
SALE-020404,24-01-2026,Chennai,2,South,2,D,P3,47777,104,Wholesale,3
SALE-020405,03-02-2026,Bangalore,1,West,3,D,P3,35858,102,Retail,2
SALE-020406,12-05-2026,Bangalore,1,West,3,D,P4,73505,334,Online,1
SALE-020407,24-01-2026,Mumbai,4,West,3,A,P1,46888,333,Online,1
SALE-020408,22-01-2026,Delhi,3,North,1,A,P3,54738,248,Retail,2
SALE-020409,13-02-2026,Chennai,2,South,2,E,P2,90325,244,Wholesale,3
SALE-020410,17-01-2026,Chennai,2,South,2,C,P3,65134,124,Retail,2
SALE-020411,20-01-2026,Chennai,2,South,2,C,P4,39789,297,Retail,2
SALE-020412,20-02-2026,Delhi,3,North,1,B,P4,78331,365,Retail,2
SALE-020413,27-03-2026,Mumbai,4,West,3,B,P3,1387,252,Online,1
SALE-020414,04-02-2026,Mumbai,4,West,3,D,P3,56941,467,Retail,2
SALE-020415,15-02-2026,Delhi,3,North,1,E,P2,63284,210,Retail,2
SALE-020416,04-03-2026,Mumbai,4,West,3,C,P4,75981,450,Retail,2
SALE-020417,21-02-2026,Delhi,3,North,1,C,P4,48343,108,Retail,2
SALE-020418,23-02-2026,Chennai,2,South,2,E,P1,95817,286,Wholesale,3
SALE-020419,05-02-2026,Mumbai,4,West,3,A,P4,88708,305,Retail,2
SALE-020420,07-04-2026,Delhi,3,North,1,C,P2,94247,266,Online,1
SALE-020421,10-05-2026,Bangalore,1,West,3,E,P4,76815,255,Retail,2
SALE-020422,22-01-2026,Mumbai,4,West,3,A,P3,92464,465,Wholesale,3
SALE-020423,12-01-2026,Bangalore,1,West,3,C,P2,85303,363,Online,1
SALE-020424,08-03-2026,Mumbai,4,West,3,D,P1,1882,100,Retail,2
SALE-020425,26-02-2026,Chennai,2,South,2,E,P5,76589,402,Wholesale,3
SALE-020426,09-05-2026,Mumbai,4,West,3,D,P4,89570,351,Retail,2
SALE-020427,17-04-2026,Chennai,2,South,2,A,P4,14203,201,Retail,2
SALE-020428,27-04-2026,Bangalore,1,West,3,B,P3,41380,225,Online,1
SALE-020429,23-04-2026,Chennai,2,South,2,D,P3,62911,99,Wholesale,3
SALE-020430,30-01-2026,Mumbai,4,West,3,A,P3,6356,464,Retail,2
SALE-020431,13-05-2026,Bangalore,1,West,3,A,P2,97557,174,Retail,2
SALE-020432,29-04-2026,Chennai,2,South,2,B,P3,73880,268,Wholesale,3
SALE-020433,21-04-2026,Chennai,2,South,2,B,P2,84448,386,Retail,2
SALE-020434,20-04-2026,Mumbai,4,West,3,E,P2,59426,353,Online,1
SALE-020435,17-01-2026,Mumbai,4,West,3,B,P2,36983,435,Online,1
SALE-020436,28-04-2026,Bangalore,1,West,3,B,P3,43227,150,Wholesale,3
SALE-020437,10-04-2026,Bangalore,1,West,3,D,P5,84269,210,Retail,2
SALE-020438,28-04-2026,Mumbai,4,West,3,A,P3,46635,482,Wholesale,3
SALE-020439,04-02-2026,Chennai,2,South,2,C,P5,77854,93,Wholesale,3
SALE-020440,06-04-2026,Delhi,3,North,1,B,P3,15828,143,Online,1
SALE-020441,09-04-2026,Chennai,2,South,2,D,P4,78674,120,Wholesale,3
SALE-020442,14-02-2026,Mumbai,4,West,3,D,P5,91389,380,Online,1
SALE-020443,26-04-2026,Chennai,2,South,2,C,P2,25023,211,Retail,2
SALE-020444,09-04-2026,Bangalore,1,West,3,A,P4,18395,149,Retail,2
SALE-020445,24-04-2026,Mumbai,4,West,3,D,P4,93579,480,Retail,2
SALE-020446,26-02-2026,Mumbai,4,West,3,A,P5,4544,457,Online,1
SALE-020447,13-02-2026,Delhi,3,North,1,C,P2,70965,197,Online,1
SALE-020448,30-01-2026,Mumbai,4,West,3,D,P5,67452,107,Wholesale,3
SALE-020449,23-04-2026,Delhi,3,North,1,C,P5,99693,71,Wholesale,3
SALE-020450,09-01-2026,Chennai,2,South,2,A,P2,39521,497,Retail,2
SALE-020451,31-01-2026,Mumbai,4,West,3,C,P1,58049,493,Retail,2
SALE-020452,20-04-2026,Chennai,2,South,2,E,P3,93659,362,Online,1
SALE-020453,16-01-2026,Chennai,2,South,2,B,P2,27624,462,Wholesale,3
SALE-020454,24-03-2026,Delhi,3,North,1,C,P5,71117,136,Wholesale,3
SALE-020455,25-01-2026,Delhi,3,North,1,E,P3,67925,397,Retail,2
SALE-020456,03-02-2026,Chennai,2,South,2,A,P3,86469,114,Retail,2
SALE-020457,06-05-2026,Chennai,2,South,2,C,P2,89135,251,Online,1
SALE-020458,20-01-2026,Chennai,2,South,2,C,P4,49674,281,Wholesale,3
SALE-020459,05-04-2026,Bangalore,1,West,3,E,P3,91556,499,Retail,2
SALE-020460,24-01-2026,Mumbai,4,West,3,C,P5,824,494,Retail,2
SALE-020461,25-02-2026,Mumbai,4,West,3,C,P1,70548,253,Wholesale,3
SALE-020462,14-03-2026,Mumbai,4,West,3,D,P3,42818,474,Online,1
SALE-020463,05-05-2026,Delhi,3,North,1,E,P2,74705,486,Wholesale,3
SALE-020464,28-04-2026,Delhi,3,North,1,A,P1,13551,370,Wholesale,3
SALE-020465,20-04-2026,Bangalore,1,West,3,B,P4,60336,50,Online,1
SALE-020466,12-03-2026,Chennai,2,South,2,B,P3,21337,497,Wholesale,3
SALE-020467,12-02-2026,Bangalore,1,West,3,C,P3,11303,240,Wholesale,3
SALE-020468,24-01-2026,Bangalore,1,West,3,C,P2,56760,385,Retail,2
SALE-020469,27-02-2026,Bangalore,1,West,3,B,P4,10715,117,Online,1
SALE-020470,19-04-2026,Mumbai,4,West,3,A,P3,16306,490,Online,1
SALE-020471,27-01-2026,Chennai,2,South,2,A,P2,50709,95,Retail,2
SALE-020472,04-02-2026,Bangalore,1,West,3,C,P3,18473,245,Retail,2
SALE-020473,12-02-2026,Chennai,2,South,2,E,P5,1610,362,Online,1
SALE-020474,24-04-2026,Mumbai,4,West,3,B,P2,54463,365,Retail,2
SALE-020475,09-04-2026,Chennai,2,South,2,A,P2,99124,113,Online,1
SALE-020476,22-01-2026,Delhi,3,North,1,C,P2,32977,191,Retail,2
SALE-020477,14-03-2026,Chennai,2,South,2,E,P5,95026,361,Wholesale,3
SALE-020478,11-05-2026,Bangalore,1,West,3,C,P2,68362,360,Wholesale,3
SALE-020479,03-03-2026,Chennai,2,South,2,D,P3,85194,77,Wholesale,3
SALE-020480,19-01-2026,Mumbai,4,West,3,A,P2,65981,376,Retail,2
SALE-020481,18-04-2026,Bangalore,1,West,3,C,P2,51203,490,Retail,2
SALE-020482,18-01-2026,Delhi,3,North,1,B,P4,10067,58,Wholesale,3
SALE-020483,12-04-2026,Bangalore,1,West,3,B,P1,8425,454,Retail,2
SALE-020484,13-04-2026,Delhi,3,North,1,E,P4,56018,409,Wholesale,3
SALE-020485,13-03-2026,Bangalore,1,West,3,E,P5,81246,128,Wholesale,3
SALE-020486,09-02-2026,Bangalore,1,West,3,A,P5,27133,463,Retail,2
SALE-020487,22-04-2026,Delhi,3,North,1,E,P1,41154,407,Retail,2
SALE-020488,27-04-2026,Chennai,2,South,2,B,P1,57448,109,Online,1
SALE-020489,05-02-2026,Bangalore,1,West,3,B,P1,2160,412,Retail,2
SALE-020490,08-03-2026,Bangalore,1,West,3,D,P3,69051,314,Online,1
SALE-020491,08-01-2026,Chennai,2,South,2,B,P3,96567,110,Retail,2
SALE-020492,20-01-2026,Delhi,3,North,1,C,P5,8871,184,Retail,2
SALE-020493,12-02-2026,Mumbai,4,West,3,E,P3,7766,305,Retail,2
SALE-020494,30-01-2026,Delhi,3,North,1,C,P1,75723,395,Online,1
SALE-020495,04-01-2026,Chennai,2,South,2,E,P1,6272,489,Wholesale,3
SALE-020496,15-02-2026,Chennai,2,South,2,D,P3,50697,126,Online,1
SALE-020497,17-04-2026,Bangalore,1,West,3,D,P2,42679,177,Wholesale,3
SALE-020498,09-05-2026,Delhi,3,North,1,A,P5,49364,111,Retail,2
SALE-020499,18-01-2026,Bangalore,1,West,3,B,P5,6519,255,Online,1
SALE-020500,27-04-2026,Mumbai,4,West,3,C,P3,11822,333,Retail,2
SALE-020501,19-03-2026,Bangalore,1,West,3,B,P3,74399,451,Retail,2
SALE-020502,20-02-2026,Chennai,2,South,2,C,P5,65165,445,Retail,2
SALE-020503,30-03-2026,Chennai,2,South,2,A,P4,3633,169,Online,1
SALE-020504,20-03-2026,Bangalore,1,West,3,A,P4,97241,422,Retail,2
SALE-020505,16-01-2026,Bangalore,1,West,3,E,P2,55526,301,Online,1
SALE-020506,16-04-2026,Chennai,2,South,2,C,P1,6254,168,Wholesale,3
SALE-020507,04-02-2026,Delhi,3,North,1,A,P5,13027,308,Retail,2
SALE-020508,03-02-2026,Mumbai,4,West,3,E,P5,8663,272,Online,1
SALE-020509,25-03-2026,Chennai,2,South,2,C,P3,52005,408,Retail,2
SALE-020510,04-02-2026,Delhi,3,North,1,C,P2,10289,153,Retail,2
SALE-020511,22-03-2026,Bangalore,1,West,3,A,P2,59425,288,Online,1
SALE-020512,20-03-2026,Mumbai,4,West,3,E,P3,27715,281,Online,1
SALE-020513,19-03-2026,Mumbai,4,West,3,A,P1,21158,463,Retail,2
SALE-020514,05-03-2026,Bangalore,1,West,3,C,P2,12455,414,Online,1
SALE-020515,08-03-2026,Delhi,3,North,1,E,P1,89259,203,Retail,2
SALE-020516,05-03-2026,Chennai,2,South,2,D,P4,73369,433,Online,1
SALE-020517,16-01-2026,Bangalore,1,West,3,A,P2,16419,56,Retail,2
SALE-020518,22-01-2026,Chennai,2,South,2,B,P4,49290,401,Online,1
SALE-020519,24-04-2026,Delhi,3,North,1,A,P1,26419,380,Online,1
SALE-020520,13-01-2026,Chennai,2,South,2,C,P1,6096,286,Online,1
SALE-020521,08-04-2026,Chennai,2,South,2,D,P4,65528,65,Wholesale,3
SALE-020522,13-03-2026,Mumbai,4,West,3,C,P2,25030,190,Online,1
SALE-020523,04-03-2026,Mumbai,4,West,3,A,P5,81656,365,Online,1
SALE-020524,23-01-2026,Delhi,3,North,1,D,P5,63287,81,Retail,2
SALE-020525,05-03-2026,Delhi,3,North,1,B,P4,26643,379,Retail,2
SALE-020526,05-05-2026,Bangalore,1,West,3,C,P4,71871,450,Retail,2
SALE-020527,16-02-2026,Delhi,3,North,1,E,P3,51405,188,Wholesale,3
SALE-020528,13-03-2026,Bangalore,1,West,3,E,P2,4340,465,Retail,2
SALE-020529,10-02-2026,Bangalore,1,West,3,E,P3,77044,169,Retail,2
SALE-020530,15-01-2026,Bangalore,1,West,3,B,P3,70451,467,Online,1
SALE-020531,02-03-2026,Chennai,2,South,2,D,P3,23268,140,Wholesale,3
SALE-020532,01-04-2026,Delhi,3,North,1,C,P5,4197,410,Wholesale,3
SALE-020533,14-02-2026,Chennai,2,South,2,B,P4,71557,208,Wholesale,3
SALE-020534,26-02-2026,Mumbai,4,West,3,A,P1,30990,358,Online,1
SALE-020535,21-02-2026,Bangalore,1,West,3,D,P1,43981,364,Wholesale,3
SALE-020536,07-02-2026,Chennai,2,South,2,B,P3,8306,61,Retail,2
SALE-020537,12-04-2026,Chennai,2,South,2,E,P3,10006,241,Online,1
SALE-020538,22-04-2026,Bangalore,1,West,3,C,P3,18384,130,Retail,2
SALE-020539,02-04-2026,Mumbai,4,West,3,C,P2,93191,337,Wholesale,3
SALE-020540,17-03-2026,Chennai,2,South,2,E,P2,50095,207,Wholesale,3
SALE-020541,09-01-2026,Chennai,2,South,2,A,P5,51827,485,Online,1
SALE-020542,27-01-2026,Chennai,2,South,2,C,P5,29453,377,Wholesale,3
SALE-020543,23-03-2026,Mumbai,4,West,3,C,P1,31694,227,Online,1
SALE-020544,09-03-2026,Chennai,2,South,2,A,P3,59040,55,Wholesale,3
SALE-020545,28-01-2026,Chennai,2,South,2,A,P3,34140,452,Online,1
SALE-020546,12-02-2026,Bangalore,1,West,3,D,P4,96521,264,Online,1
SALE-020547,26-01-2026,Mumbai,4,West,3,D,P3,72068,242,Retail,2
SALE-020548,09-01-2026,Mumbai,4,West,3,B,P2,59651,87,Wholesale,3
SALE-020549,29-03-2026,Delhi,3,North,1,C,P3,14226,87,Online,1
SALE-020550,28-03-2026,Chennai,2,South,2,B,P1,72202,97,Retail,2
SALE-020551,22-04-2026,Mumbai,4,West,3,A,P4,86173,134,Wholesale,3
SALE-020552,15-04-2026,Chennai,2,South,2,A,P3,27441,147,Online,1
SALE-020553,13-01-2026,Delhi,3,North,1,C,P3,31635,99,Wholesale,3
SALE-020554,03-04-2026,Mumbai,4,West,3,E,P4,20631,77,Wholesale,3
SALE-020555,03-05-2026,Bangalore,1,West,3,A,P3,87272,370,Retail,2
SALE-020556,16-03-2026,Chennai,2,South,2,A,P2,22891,376,Online,1
SALE-020557,06-05-2026,Bangalore,1,West,3,A,P3,52596,291,Retail,2
SALE-020558,08-04-2026,Delhi,3,North,1,E,P4,24732,239,Online,1
SALE-020559,30-04-2026,Delhi,3,North,1,D,P1,35010,275,Online,1
SALE-020560,25-01-2026,Delhi,3,North,1,C,P5,8579,127,Online,1
SALE-020561,28-02-2026,Bangalore,1,West,3,C,P5,54762,437,Wholesale,3
SALE-020562,02-05-2026,Bangalore,1,West,3,E,P4,70690,401,Retail,2
SALE-020563,09-01-2026,Chennai,2,South,2,C,P1,52247,487,Retail,2
SALE-020564,19-02-2026,Chennai,2,South,2,D,P2,22410,158,Online,1
SALE-020565,21-02-2026,Chennai,2,South,2,D,P1,90038,272,Online,1
SALE-020566,18-01-2026,Chennai,2,South,2,C,P3,95802,463,Wholesale,3
SALE-020567,12-03-2026,Bangalore,1,West,3,E,P4,72858,216,Retail,2
SALE-020568,18-04-2026,Mumbai,4,West,3,E,P5,68993,450,Online,1
SALE-020569,26-01-2026,Bangalore,1,West,3,B,P2,74764,351,Retail,2
SALE-020570,30-03-2026,Bangalore,1,West,3,A,P3,70706,500,Wholesale,3
SALE-020571,02-05-2026,Mumbai,4,West,3,D,P4,75476,361,Retail,2
SALE-020572,13-04-2026,Bangalore,1,West,3,C,P4,19355,366,Online,1
SALE-020573,02-05-2026,Bangalore,1,West,3,C,P2,6960,431,Retail,2
SALE-020574,13-03-2026,Delhi,3,North,1,A,P3,40222,209,Retail,2
SALE-020575,24-04-2026,Mumbai,4,West,3,A,P2,18114,203,Wholesale,3
SALE-020576,18-02-2026,Delhi,3,North,1,D,P5,85114,95,Retail,2
SALE-020577,06-04-2026,Mumbai,4,West,3,D,P4,68198,494,Online,1
SALE-020578,10-05-2026,Bangalore,1,West,3,B,P1,41279,413,Wholesale,3
SALE-020579,19-02-2026,Mumbai,4,West,3,E,P5,4294,138,Online,1
SALE-020580,03-04-2026,Chennai,2,South,2,B,P1,60327,75,Online,1
SALE-020581,01-02-2026,Chennai,2,South,2,C,P4,66707,253,Retail,2
SALE-020582,15-02-2026,Bangalore,1,West,3,C,P4,78362,278,Online,1
SALE-020583,08-03-2026,Mumbai,4,West,3,E,P3,45621,133,Wholesale,3
SALE-020584,24-02-2026,Bangalore,1,West,3,A,P4,7007,133,Retail,2
SALE-020585,15-04-2026,Chennai,2,South,2,B,P2,35769,383,Wholesale,3
SALE-020586,14-02-2026,Bangalore,1,West,3,A,P4,17842,381,Wholesale,3
SALE-020587,12-03-2026,Bangalore,1,West,3,C,P5,40537,414,Online,1
SALE-020588,30-04-2026,Mumbai,4,West,3,C,P4,33529,161,Retail,2
SALE-020589,27-01-2026,Delhi,3,North,1,E,P5,52555,349,Wholesale,3
SALE-020590,14-03-2026,Bangalore,1,West,3,C,P5,85348,354,Wholesale,3
SALE-020591,12-03-2026,Delhi,3,North,1,A,P4,8867,222,Wholesale,3
SALE-020592,13-05-2026,Delhi,3,North,1,C,P3,25188,126,Retail,2
SALE-020593,05-02-2026,Chennai,2,South,2,E,P4,87077,213,Online,1
SALE-020594,14-04-2026,Bangalore,1,West,3,D,P3,34503,264,Wholesale,3
SALE-020595,18-02-2026,Mumbai,4,West,3,A,P5,93308,342,Wholesale,3
SALE-020596,02-05-2026,Delhi,3,North,1,B,P5,84165,451,Wholesale,3
SALE-020597,16-02-2026,Delhi,3,North,1,C,P2,86694,498,Wholesale,3
SALE-020598,16-02-2026,Delhi,3,North,1,D,P2,97613,182,Online,1
SALE-020599,20-03-2026,Delhi,3,North,1,A,P2,47067,164,Wholesale,3
SALE-020600,29-04-2026,Mumbai,4,West,3,C,P3,77251,200,Retail,2
SALE-020601,19-01-2026,Bangalore,1,West,3,A,P5,76562,367,Retail,2
SALE-020602,18-03-2026,Mumbai,4,West,3,E,P1,89720,245,Online,1
SALE-020603,15-04-2026,Mumbai,4,West,3,B,P2,26753,225,Online,1
SALE-020604,27-03-2026,Mumbai,4,West,3,C,P2,11092,299,Online,1
SALE-020605,23-02-2026,Chennai,2,South,2,A,P1,59751,190,Retail,2
SALE-020606,22-04-2026,Chennai,2,South,2,B,P4,12039,116,Wholesale,3
SALE-020607,10-01-2026,Mumbai,4,West,3,D,P4,50742,52,Retail,2
SALE-020608,18-02-2026,Chennai,2,South,2,C,P1,42733,437,Wholesale,3
SALE-020609,30-03-2026,Bangalore,1,West,3,A,P2,30157,405,Wholesale,3
SALE-020610,20-03-2026,Delhi,3,North,1,A,P4,66473,351,Online,1
SALE-020611,28-03-2026,Chennai,2,South,2,A,P3,38619,283,Online,1
SALE-020612,18-02-2026,Mumbai,4,West,3,B,P3,64748,233,Wholesale,3
SALE-020613,03-02-2026,Chennai,2,South,2,A,P2,29902,422,Retail,2
SALE-020614,01-02-2026,Chennai,2,South,2,A,P5,66643,136,Wholesale,3
SALE-020615,13-01-2026,Delhi,3,North,1,A,P4,84428,180,Wholesale,3
SALE-020616,30-01-2026,Bangalore,1,West,3,A,P1,6822,403,Wholesale,3
SALE-020617,02-05-2026,Mumbai,4,West,3,D,P1,72233,179,Retail,2
SALE-020618,26-01-2026,Chennai,2,South,2,A,P3,55664,388,Online,1
SALE-020619,27-01-2026,Delhi,3,North,1,E,P2,55396,475,Wholesale,3
SALE-020620,21-02-2026,Bangalore,1,West,3,A,P1,65739,151,Retail,2
SALE-020621,17-03-2026,Delhi,3,North,1,B,P3,92700,259,Wholesale,3
SALE-020622,04-05-2026,Chennai,2,South,2,E,P4,27722,402,Online,1
SALE-020623,29-01-2026,Delhi,3,North,1,A,P1,88532,95,Online,1
SALE-020624,26-01-2026,Mumbai,4,West,3,A,P5,10336,420,Online,1
SALE-020625,29-04-2026,Delhi,3,North,1,B,P4,39300,185,Wholesale,3
SALE-020626,22-03-2026,Bangalore,1,West,3,B,P1,38585,234,Online,1
SALE-020627,03-01-2026,Mumbai,4,West,3,A,P1,99879,73,Wholesale,3
SALE-020628,10-03-2026,Chennai,2,South,2,B,P3,47361,274,Wholesale,3
SALE-020629,13-04-2026,Bangalore,1,West,3,C,P2,15420,255,Retail,2
SALE-020630,12-02-2026,Mumbai,4,West,3,D,P4,55778,382,Retail,2
SALE-020631,04-05-2026,Bangalore,1,West,3,A,P2,14093,263,Online,1
SALE-020632,08-01-2026,Mumbai,4,West,3,E,P4,47502,363,Online,1
SALE-020633,12-01-2026,Chennai,2,South,2,D,P1,54407,275,Retail,2
SALE-020634,27-02-2026,Bangalore,1,West,3,C,P1,92849,494,Retail,2
SALE-020635,05-03-2026,Delhi,3,North,1,E,P5,12983,271,Wholesale,3
SALE-020636,14-01-2026,Mumbai,4,West,3,D,P2,73683,363,Retail,2
SALE-020637,07-05-2026,Bangalore,1,West,3,B,P5,62010,486,Wholesale,3
SALE-020638,13-03-2026,Chennai,2,South,2,D,P3,32074,219,Online,1
SALE-020639,14-04-2026,Bangalore,1,West,3,B,P5,84820,243,Wholesale,3
SALE-020640,23-01-2026,Chennai,2,South,2,D,P4,75608,279,Online,1
SALE-020641,05-01-2026,Mumbai,4,West,3,C,P1,65691,431,Retail,2
SALE-020642,01-01-2026,Bangalore,1,West,3,D,P1,73524,331,Retail,2
SALE-020643,22-02-2026,Bangalore,1,West,3,E,P3,67128,337,Wholesale,3
SALE-020644,27-04-2026,Mumbai,4,West,3,C,P1,29718,482,Retail,2
SALE-020645,04-04-2026,Delhi,3,North,1,E,P5,62514,416,Wholesale,3
SALE-020646,01-04-2026,Mumbai,4,West,3,A,P2,787,224,Online,1
SALE-020647,12-01-2026,Delhi,3,North,1,E,P3,92525,104,Wholesale,3
SALE-020648,20-02-2026,Chennai,2,South,2,B,P4,14519,180,Retail,2
SALE-020649,18-02-2026,Chennai,2,South,2,D,P2,60405,472,Online,1
SALE-020650,01-02-2026,Delhi,3,North,1,D,P1,83500,478,Online,1
SALE-020651,02-01-2026,Mumbai,4,West,3,E,P5,18147,305,Retail,2
SALE-020652,15-02-2026,Bangalore,1,West,3,D,P5,63798,310,Wholesale,3
SALE-020653,24-03-2026,Chennai,2,South,2,B,P1,51278,386,Wholesale,3
SALE-020654,29-03-2026,Mumbai,4,West,3,E,P2,36360,253,Retail,2
SALE-020655,12-05-2026,Delhi,3,North,1,B,P2,54599,358,Retail,2
SALE-020656,25-02-2026,Delhi,3,North,1,E,P3,93806,427,Wholesale,3
SALE-020657,03-02-2026,Chennai,2,South,2,E,P3,90495,226,Online,1
SALE-020658,01-04-2026,Chennai,2,South,2,E,P3,93607,109,Wholesale,3
SALE-020659,15-03-2026,Mumbai,4,West,3,E,P4,88874,432,Wholesale,3
SALE-020660,07-02-2026,Mumbai,4,West,3,E,P1,3812,245,Online,1
SALE-020661,11-02-2026,Bangalore,1,West,3,A,P2,35493,434,Wholesale,3
SALE-020662,17-03-2026,Delhi,3,North,1,C,P2,8630,403,Wholesale,3
SALE-020663,27-02-2026,Chennai,2,South,2,A,P3,59822,102,Wholesale,3
SALE-020664,13-01-2026,Mumbai,4,West,3,E,P3,91324,390,Online,1
SALE-020665,04-01-2026,Mumbai,4,West,3,D,P3,72868,77,Retail,2
SALE-020666,05-04-2026,Delhi,3,North,1,E,P4,30063,374,Online,1
SALE-020667,20-01-2026,Chennai,2,South,2,B,P3,59327,140,Wholesale,3
SALE-020668,20-04-2026,Chennai,2,South,2,E,P1,49940,70,Online,1
SALE-020669,07-03-2026,Delhi,3,North,1,C,P2,21593,349,Wholesale,3
SALE-020670,24-03-2026,Bangalore,1,West,3,D,P2,5735,128,Retail,2
SALE-020671,02-04-2026,Bangalore,1,West,3,E,P3,64797,454,Wholesale,3
SALE-020672,18-01-2026,Bangalore,1,West,3,C,P5,29330,144,Wholesale,3
SALE-020673,31-03-2026,Chennai,2,South,2,E,P5,53376,97,Retail,2
SALE-020674,25-02-2026,Chennai,2,South,2,C,P3,47790,200,Online,1
SALE-020675,25-04-2026,Mumbai,4,West,3,A,P1,88179,227,Wholesale,3
SALE-020676,24-03-2026,Chennai,2,South,2,E,P5,32458,70,Wholesale,3
SALE-020677,14-03-2026,Mumbai,4,West,3,D,P3,71309,420,Online,1
SALE-020678,05-05-2026,Bangalore,1,West,3,C,P5,67180,278,Wholesale,3
SALE-020679,25-01-2026,Bangalore,1,West,3,B,P3,67857,92,Retail,2
SALE-020680,23-02-2026,Chennai,2,South,2,E,P1,82673,83,Wholesale,3
SALE-020681,22-04-2026,Chennai,2,South,2,D,P1,27445,325,Wholesale,3
SALE-020682,26-03-2026,Bangalore,1,West,3,B,P1,60691,417,Wholesale,3
SALE-020683,06-03-2026,Bangalore,1,West,3,A,P1,23829,456,Online,1
SALE-020684,26-04-2026,Bangalore,1,West,3,B,P3,53929,248,Wholesale,3
SALE-020685,31-01-2026,Mumbai,4,West,3,C,P1,51552,394,Retail,2
SALE-020686,12-01-2026,Bangalore,1,West,3,E,P1,99585,431,Wholesale,3
SALE-020687,19-03-2026,Bangalore,1,West,3,E,P1,38489,452,Retail,2
SALE-020688,08-01-2026,Bangalore,1,West,3,D,P4,52288,470,Retail,2
SALE-020689,11-04-2026,Mumbai,4,West,3,E,P2,18375,432,Online,1
SALE-020690,06-04-2026,Delhi,3,North,1,B,P3,89273,457,Wholesale,3
SALE-020691,02-01-2026,Bangalore,1,West,3,E,P2,16652,71,Wholesale,3
SALE-020692,30-03-2026,Mumbai,4,West,3,E,P1,40436,157,Wholesale,3
SALE-020693,26-02-2026,Chennai,2,South,2,E,P2,21596,144,Retail,2
SALE-020694,14-01-2026,Delhi,3,North,1,A,P2,88446,459,Online,1
SALE-020695,18-01-2026,Mumbai,4,West,3,E,P1,38596,393,Wholesale,3
SALE-020696,02-04-2026,Delhi,3,North,1,B,P5,64357,219,Online,1
SALE-020697,18-01-2026,Chennai,2,South,2,B,P1,37873,367,Wholesale,3
SALE-020698,20-03-2026,Chennai,2,South,2,D,P4,43536,365,Retail,2
SALE-020699,13-02-2026,Chennai,2,South,2,E,P3,41962,269,Wholesale,3
SALE-020700,22-04-2026,Bangalore,1,West,3,B,P2,93849,428,Retail,2
SALE-020701,25-04-2026,Delhi,3,North,1,B,P3,63408,286,Retail,2
SALE-020702,21-01-2026,Delhi,3,North,1,D,P5,14764,139,Retail,2
SALE-020703,20-01-2026,Delhi,3,North,1,E,P2,35002,425,Online,1
SALE-020704,14-04-2026,Bangalore,1,West,3,E,P1,76769,346,Online,1
SALE-020705,01-05-2026,Chennai,2,South,2,E,P3,71733,326,Online,1
SALE-020706,16-03-2026,Chennai,2,South,2,D,P2,77780,425,Retail,2
SALE-020707,04-04-2026,Chennai,2,South,2,E,P5,12369,253,Retail,2
SALE-020708,12-05-2026,Bangalore,1,West,3,B,P5,90174,134,Wholesale,3
SALE-020709,07-02-2026,Chennai,2,South,2,B,P2,74733,339,Retail,2
SALE-020710,17-01-2026,Mumbai,4,West,3,A,P2,64416,168,Retail,2
SALE-020711,13-05-2026,Delhi,3,North,1,B,P1,88132,155,Retail,2
SALE-020712,24-03-2026,Delhi,3,North,1,D,P4,6586,70,Retail,2
SALE-020713,14-02-2026,Bangalore,1,West,3,E,P3,97743,184,Wholesale,3
SALE-020714,20-01-2026,Mumbai,4,West,3,D,P3,77528,384,Wholesale,3
SALE-020715,30-03-2026,Delhi,3,North,1,B,P5,53694,230,Retail,2
SALE-020716,23-04-2026,Mumbai,4,West,3,E,P1,66276,121,Retail,2
SALE-020717,24-02-2026,Chennai,2,South,2,A,P5,84841,193,Online,1
SALE-020718,31-01-2026,Chennai,2,South,2,B,P3,79408,417,Online,1
SALE-020719,03-05-2026,Chennai,2,South,2,C,P1,63613,395,Retail,2
SALE-020720,16-04-2026,Mumbai,4,West,3,E,P2,85337,476,Online,1
SALE-020721,11-02-2026,Bangalore,1,West,3,A,P2,75668,353,Online,1
SALE-020722,15-01-2026,Chennai,2,South,2,E,P1,75508,125,Wholesale,3
SALE-020723,05-01-2026,Chennai,2,South,2,B,P5,53643,356,Retail,2
SALE-020724,04-05-2026,Delhi,3,North,1,B,P4,79998,291,Online,1
SALE-020725,16-02-2026,Chennai,2,South,2,D,P5,19205,456,Online,1
SALE-020726,18-01-2026,Delhi,3,North,1,C,P4,78688,352,Online,1
SALE-020727,21-02-2026,Chennai,2,South,2,D,P2,14730,58,Retail,2
SALE-020728,10-01-2026,Mumbai,4,West,3,E,P1,23755,293,Online,1
SALE-020729,01-01-2026,Bangalore,1,West,3,D,P2,79598,326,Online,1
SALE-020730,20-04-2026,Mumbai,4,West,3,D,P3,6193,407,Wholesale,3
SALE-020731,26-01-2026,Chennai,2,South,2,D,P3,77707,461,Retail,2
SALE-020732,22-01-2026,Mumbai,4,West,3,C,P4,30975,489,Online,1
SALE-020733,02-01-2026,Delhi,3,North,1,E,P4,34291,146,Wholesale,3
SALE-020734,07-04-2026,Bangalore,1,West,3,E,P1,68626,53,Wholesale,3
SALE-020735,09-02-2026,Chennai,2,South,2,C,P4,47983,104,Wholesale,3
SALE-020736,19-04-2026,Mumbai,4,West,3,E,P3,34749,487,Wholesale,3
SALE-020737,16-04-2026,Delhi,3,North,1,C,P4,99455,154,Wholesale,3
SALE-020738,06-03-2026,Mumbai,4,West,3,C,P5,73233,297,Online,1
SALE-020739,31-01-2026,Delhi,3,North,1,C,P4,96940,120,Wholesale,3
SALE-020740,13-04-2026,Chennai,2,South,2,B,P1,28609,310,Retail,2
SALE-020741,02-01-2026,Delhi,3,North,1,E,P1,21568,249,Wholesale,3
SALE-020742,17-01-2026,Bangalore,1,West,3,D,P5,57565,95,Online,1
SALE-020743,09-04-2026,Delhi,3,North,1,C,P1,80326,69,Online,1
SALE-020744,15-01-2026,Mumbai,4,West,3,E,P3,93771,355,Wholesale,3
SALE-020745,13-05-2026,Chennai,2,South,2,D,P4,1903,153,Wholesale,3
SALE-020746,01-03-2026,Delhi,3,North,1,A,P5,67418,314,Online,1
SALE-020747,01-01-2026,Chennai,2,South,2,A,P3,31859,385,Wholesale,3
SALE-020748,12-04-2026,Chennai,2,South,2,C,P4,46785,392,Online,1
SALE-020749,18-01-2026,Mumbai,4,West,3,B,P5,2514,427,Wholesale,3
SALE-020750,30-03-2026,Bangalore,1,West,3,C,P5,76906,228,Wholesale,3
SALE-020751,02-01-2026,Delhi,3,North,1,E,P2,60106,256,Online,1
SALE-020752,19-01-2026,Delhi,3,North,1,D,P5,14454,336,Online,1
SALE-020753,06-03-2026,Delhi,3,North,1,A,P5,34276,498,Retail,2
SALE-020754,28-03-2026,Mumbai,4,West,3,E,P4,32386,437,Retail,2
SALE-020755,30-01-2026,Mumbai,4,West,3,D,P5,4084,296,Wholesale,3
SALE-020756,28-02-2026,Delhi,3,North,1,D,P2,89224,409,Online,1
SALE-020757,09-03-2026,Delhi,3,North,1,C,P5,70708,54,Retail,2
SALE-020758,29-03-2026,Chennai,2,South,2,A,P4,88802,433,Retail,2
SALE-020759,25-02-2026,Bangalore,1,West,3,B,P4,41639,231,Wholesale,3
SALE-020760,02-03-2026,Delhi,3,North,1,B,P4,97114,152,Online,1
SALE-020761,05-03-2026,Chennai,2,South,2,B,P2,27077,477,Retail,2
SALE-020762,07-05-2026,Delhi,3,North,1,A,P1,10787,396,Online,1
SALE-020763,22-03-2026,Bangalore,1,West,3,A,P4,49153,367,Wholesale,3
SALE-020764,11-05-2026,Mumbai,4,West,3,C,P4,24469,441,Wholesale,3
SALE-020765,19-04-2026,Delhi,3,North,1,B,P5,17309,77,Retail,2
SALE-020766,14-02-2026,Mumbai,4,West,3,A,P5,46019,251,Wholesale,3
SALE-020767,03-01-2026,Mumbai,4,West,3,E,P4,41873,402,Online,1
SALE-020768,25-03-2026,Bangalore,1,West,3,B,P4,76653,101,Wholesale,3
SALE-020769,02-03-2026,Delhi,3,North,1,C,P2,72401,184,Wholesale,3
SALE-020770,08-05-2026,Delhi,3,North,1,E,P3,48462,144,Retail,2
SALE-020771,13-04-2026,Mumbai,4,West,3,D,P3,48351,487,Online,1
SALE-020772,28-02-2026,Delhi,3,North,1,B,P5,17688,344,Retail,2
SALE-020773,08-04-2026,Bangalore,1,West,3,C,P2,73289,271,Wholesale,3
SALE-020774,18-04-2026,Chennai,2,South,2,B,P4,1776,140,Online,1
SALE-020775,05-05-2026,Mumbai,4,West,3,E,P5,94945,211,Online,1
SALE-020776,26-01-2026,Delhi,3,North,1,E,P5,6753,253,Retail,2
SALE-020777,25-01-2026,Chennai,2,South,2,B,P3,62960,479,Online,1
SALE-020778,07-03-2026,Mumbai,4,West,3,C,P3,47812,234,Wholesale,3
SALE-020779,20-02-2026,Delhi,3,North,1,D,P1,46518,494,Online,1
SALE-020780,05-05-2026,Chennai,2,South,2,C,P3,88736,311,Retail,2
SALE-020781,07-02-2026,Mumbai,4,West,3,D,P5,38055,287,Online,1
SALE-020782,14-04-2026,Chennai,2,South,2,C,P4,83242,363,Wholesale,3
SALE-020783,23-03-2026,Bangalore,1,West,3,B,P3,30412,210,Online,1
SALE-020784,11-03-2026,Delhi,3,North,1,C,P5,84994,252,Wholesale,3
SALE-020785,12-02-2026,Mumbai,4,West,3,E,P5,59520,261,Retail,2
SALE-020786,21-01-2026,Chennai,2,South,2,B,P2,87272,178,Online,1
SALE-020787,02-05-2026,Chennai,2,South,2,D,P1,13024,82,Online,1
SALE-020788,09-03-2026,Bangalore,1,West,3,D,P5,11411,103,Online,1
SALE-020789,14-03-2026,Chennai,2,South,2,D,P3,30562,176,Online,1
SALE-020790,13-02-2026,Mumbai,4,West,3,B,P2,69541,479,Wholesale,3
SALE-020791,11-03-2026,Bangalore,1,West,3,C,P3,62910,289,Online,1
SALE-020792,27-04-2026,Mumbai,4,West,3,E,P2,77941,355,Online,1
SALE-020793,28-02-2026,Mumbai,4,West,3,E,P3,46004,296,Wholesale,3
SALE-020794,09-02-2026,Bangalore,1,West,3,C,P3,54528,183,Retail,2
SALE-020795,04-02-2026,Delhi,3,North,1,A,P5,99891,484,Online,1
SALE-020796,06-05-2026,Delhi,3,North,1,D,P5,1590,402,Retail,2
SALE-020797,01-03-2026,Mumbai,4,West,3,A,P4,38893,355,Retail,2
SALE-020798,22-04-2026,Bangalore,1,West,3,C,P2,54467,337,Wholesale,3
SALE-020799,09-03-2026,Mumbai,4,West,3,B,P4,50092,162,Online,1
SALE-020800,11-03-2026,Bangalore,1,West,3,B,P5,80875,463,Retail,2
SALE-020801,18-01-2026,Delhi,3,North,1,E,P3,54620,146,Wholesale,3
SALE-020802,26-04-2026,Chennai,2,South,2,C,P1,83978,283,Online,1
SALE-020803,05-01-2026,Delhi,3,North,1,E,P4,25113,214,Wholesale,3
SALE-020804,14-03-2026,Chennai,2,South,2,E,P1,24871,102,Online,1
SALE-020805,08-02-2026,Delhi,3,North,1,D,P1,31014,96,Online,1
SALE-020806,08-05-2026,Bangalore,1,West,3,B,P3,55582,209,Retail,2
SALE-020807,07-02-2026,Delhi,3,North,1,A,P3,11015,481,Retail,2
SALE-020808,16-02-2026,Bangalore,1,West,3,D,P1,71697,290,Retail,2
SALE-020809,05-03-2026,Chennai,2,South,2,D,P1,16485,443,Retail,2
SALE-020810,25-01-2026,Mumbai,4,West,3,B,P1,26606,285,Retail,2
SALE-020811,11-01-2026,Chennai,2,South,2,D,P3,42844,131,Retail,2
SALE-020812,14-01-2026,Bangalore,1,West,3,D,P3,26547,234,Retail,2
SALE-020813,12-02-2026,Chennai,2,South,2,B,P4,43034,57,Online,1
SALE-020814,11-01-2026,Delhi,3,North,1,A,P4,32362,54,Wholesale,3
SALE-020815,23-01-2026,Mumbai,4,West,3,E,P2,49179,444,Wholesale,3
SALE-020816,28-03-2026,Chennai,2,South,2,D,P1,90408,366,Online,1
SALE-020817,28-01-2026,Bangalore,1,West,3,C,P2,92424,324,Online,1
SALE-020818,30-03-2026,Chennai,2,South,2,B,P3,73684,453,Retail,2
SALE-020819,02-04-2026,Mumbai,4,West,3,B,P1,90841,243,Wholesale,3
SALE-020820,17-03-2026,Chennai,2,South,2,A,P4,93118,274,Retail,2
SALE-020821,24-03-2026,Mumbai,4,West,3,E,P2,71753,228,Online,1
SALE-020822,09-02-2026,Mumbai,4,West,3,E,P5,21516,85,Retail,2
SALE-020823,01-01-2026,Mumbai,4,West,3,C,P5,48618,282,Retail,2
SALE-020824,04-04-2026,Mumbai,4,West,3,B,P1,81729,488,Wholesale,3
SALE-020825,08-05-2026,Chennai,2,South,2,A,P5,51289,147,Retail,2
SALE-020826,24-03-2026,Chennai,2,South,2,C,P3,54213,378,Wholesale,3
SALE-020827,03-02-2026,Bangalore,1,West,3,E,P1,6237,477,Online,1
SALE-020828,26-01-2026,Chennai,2,South,2,B,P1,64118,148,Online,1
SALE-020829,07-03-2026,Bangalore,1,West,3,D,P4,69420,369,Wholesale,3
SALE-020830,04-01-2026,Bangalore,1,West,3,B,P5,94589,86,Retail,2
SALE-020831,16-01-2026,Chennai,2,South,2,D,P1,61849,460,Wholesale,3
SALE-020832,10-03-2026,Delhi,3,North,1,D,P3,93355,79,Wholesale,3
SALE-020833,13-05-2026,Bangalore,1,West,3,A,P3,10715,160,Wholesale,3
SALE-020834,19-02-2026,Bangalore,1,West,3,B,P5,51006,147,Online,1
SALE-020835,17-04-2026,Chennai,2,South,2,B,P5,98698,335,Wholesale,3
SALE-020836,20-04-2026,Bangalore,1,West,3,E,P3,88907,284,Wholesale,3
SALE-020837,28-03-2026,Bangalore,1,West,3,B,P5,53132,308,Online,1
SALE-020838,25-03-2026,Chennai,2,South,2,E,P4,46679,211,Wholesale,3
SALE-020839,24-02-2026,Delhi,3,North,1,D,P3,80245,173,Retail,2
SALE-020840,12-04-2026,Mumbai,4,West,3,C,P3,59797,279,Wholesale,3
SALE-020841,13-05-2026,Bangalore,1,West,3,A,P3,78587,58,Wholesale,3
SALE-020842,22-03-2026,Chennai,2,South,2,A,P3,29583,159,Retail,2
SALE-020843,09-02-2026,Bangalore,1,West,3,C,P5,67513,334,Wholesale,3
SALE-020844,09-03-2026,Bangalore,1,West,3,D,P3,20961,120,Online,1
SALE-020845,18-03-2026,Delhi,3,North,1,B,P2,34086,465,Wholesale,3
SALE-020846,20-01-2026,Bangalore,1,West,3,D,P5,28999,425,Wholesale,3
SALE-020847,25-01-2026,Delhi,3,North,1,B,P4,90886,409,Retail,2
SALE-020848,15-01-2026,Delhi,3,North,1,E,P4,10786,449,Online,1
SALE-020849,28-02-2026,Delhi,3,North,1,D,P4,16299,495,Retail,2
SALE-020850,11-01-2026,Bangalore,1,West,3,D,P1,40448,318,Wholesale,3
SALE-020851,26-02-2026,Delhi,3,North,1,E,P2,43338,307,Wholesale,3
SALE-020852,10-05-2026,Chennai,2,South,2,D,P4,99176,354,Online,1
SALE-020853,03-02-2026,Bangalore,1,West,3,D,P3,52184,125,Online,1
SALE-020854,13-04-2026,Delhi,3,North,1,D,P5,98189,75,Online,1
SALE-020855,03-02-2026,Delhi,3,North,1,D,P5,57449,446,Online,1
SALE-020856,20-02-2026,Chennai,2,South,2,E,P2,64444,252,Retail,2
SALE-020857,23-01-2026,Chennai,2,South,2,A,P3,56869,215,Online,1
SALE-020858,18-02-2026,Bangalore,1,West,3,D,P4,48376,228,Wholesale,3
SALE-020859,31-03-2026,Delhi,3,North,1,E,P1,40453,136,Retail,2
SALE-020860,01-03-2026,Mumbai,4,West,3,B,P4,6382,468,Wholesale,3
SALE-020861,22-01-2026,Chennai,2,South,2,C,P2,99817,422,Wholesale,3
SALE-020862,15-03-2026,Bangalore,1,West,3,A,P2,81896,125,Wholesale,3
SALE-020863,06-01-2026,Bangalore,1,West,3,A,P3,59490,291,Retail,2
SALE-020864,08-03-2026,Delhi,3,North,1,E,P2,27212,329,Online,1
SALE-020865,12-01-2026,Mumbai,4,West,3,B,P1,49862,348,Wholesale,3
SALE-020866,11-03-2026,Delhi,3,North,1,A,P3,26805,454,Online,1
SALE-020867,11-03-2026,Bangalore,1,West,3,A,P1,51440,388,Retail,2
SALE-020868,01-03-2026,Delhi,3,North,1,A,P3,85619,247,Online,1
SALE-020869,23-01-2026,Mumbai,4,West,3,A,P3,64025,493,Wholesale,3
SALE-020870,06-01-2026,Chennai,2,South,2,E,P4,73990,414,Online,1
SALE-020871,11-04-2026,Bangalore,1,West,3,E,P3,44221,300,Online,1
SALE-020872,19-03-2026,Chennai,2,South,2,C,P3,47080,370,Online,1
SALE-020873,10-04-2026,Chennai,2,South,2,C,P1,82523,181,Wholesale,3
SALE-020874,11-04-2026,Bangalore,1,West,3,C,P2,20384,224,Wholesale,3
SALE-020875,28-02-2026,Chennai,2,South,2,D,P5,89366,363,Online,1
SALE-020876,26-03-2026,Mumbai,4,West,3,E,P2,56397,209,Online,1
SALE-020877,21-02-2026,Mumbai,4,West,3,B,P2,86020,120,Wholesale,3
SALE-020878,07-02-2026,Chennai,2,South,2,E,P2,56869,444,Retail,2
SALE-020879,31-01-2026,Chennai,2,South,2,A,P5,70356,418,Retail,2
SALE-020880,16-04-2026,Chennai,2,South,2,B,P1,42271,500,Retail,2
SALE-020881,18-02-2026,Mumbai,4,West,3,D,P3,20417,448,Retail,2
SALE-020882,10-03-2026,Bangalore,1,West,3,B,P1,80713,365,Online,1
SALE-020883,02-04-2026,Chennai,2,South,2,B,P2,90595,63,Wholesale,3
SALE-020884,01-05-2026,Bangalore,1,West,3,D,P2,66340,483,Wholesale,3
SALE-020885,11-02-2026,Delhi,3,North,1,D,P4,62608,120,Online,1
SALE-020886,16-04-2026,Chennai,2,South,2,A,P4,2467,188,Online,1
SALE-020887,23-04-2026,Chennai,2,South,2,B,P2,9168,140,Wholesale,3
SALE-020888,14-04-2026,Mumbai,4,West,3,C,P4,32846,268,Wholesale,3
SALE-020889,10-01-2026,Bangalore,1,West,3,D,P3,52162,363,Wholesale,3
SALE-020890,12-04-2026,Bangalore,1,West,3,D,P1,32707,315,Retail,2
SALE-020891,18-02-2026,Bangalore,1,West,3,D,P5,83160,75,Wholesale,3
SALE-020892,12-02-2026,Delhi,3,North,1,D,P3,37975,286,Retail,2
SALE-020893,06-02-2026,Mumbai,4,West,3,E,P1,90933,314,Retail,2
SALE-020894,29-01-2026,Mumbai,4,West,3,D,P1,95218,306,Wholesale,3
SALE-020895,24-03-2026,Chennai,2,South,2,E,P2,52020,261,Wholesale,3
SALE-020896,21-02-2026,Mumbai,4,West,3,B,P4,77873,414,Online,1
SALE-020897,11-02-2026,Mumbai,4,West,3,C,P3,91164,382,Online,1
SALE-020898,22-01-2026,Bangalore,1,West,3,A,P4,83609,235,Online,1
SALE-020899,08-04-2026,Mumbai,4,West,3,E,P5,21458,243,Wholesale,3
SALE-020900,08-02-2026,Bangalore,1,West,3,C,P5,86945,491,Online,1
SALE-020901,21-03-2026,Chennai,2,South,2,B,P1,55495,207,Online,1
SALE-020902,01-01-2026,Mumbai,4,West,3,B,P1,17745,153,Retail,2
SALE-020903,02-01-2026,Delhi,3,North,1,D,P4,65858,328,Online,1
SALE-020904,27-04-2026,Mumbai,4,West,3,B,P5,86938,293,Online,1
SALE-020905,04-03-2026,Mumbai,4,West,3,A,P5,79156,53,Retail,2
SALE-020906,07-02-2026,Delhi,3,North,1,E,P2,6911,144,Wholesale,3
SALE-020907,09-01-2026,Bangalore,1,West,3,C,P1,19554,487,Wholesale,3
SALE-020908,15-02-2026,Delhi,3,North,1,A,P1,14772,263,Retail,2
SALE-020909,15-02-2026,Chennai,2,South,2,C,P5,87128,404,Wholesale,3
SALE-020910,18-03-2026,Mumbai,4,West,3,E,P3,5197,97,Wholesale,3
SALE-020911,17-01-2026,Delhi,3,North,1,D,P1,99910,268,Retail,2
SALE-020912,12-03-2026,Delhi,3,North,1,B,P1,91545,490,Retail,2
SALE-020913,23-02-2026,Delhi,3,North,1,D,P5,28004,406,Wholesale,3
SALE-020914,15-03-2026,Bangalore,1,West,3,E,P5,11991,297,Online,1
SALE-020915,01-04-2026,Mumbai,4,West,3,C,P3,69364,344,Wholesale,3
SALE-020916,08-05-2026,Chennai,2,South,2,E,P4,68618,423,Wholesale,3
SALE-020917,19-02-2026,Mumbai,4,West,3,E,P2,93375,198,Online,1
SALE-020918,31-01-2026,Bangalore,1,West,3,A,P4,82480,457,Online,1
SALE-020919,31-03-2026,Chennai,2,South,2,D,P4,6462,220,Wholesale,3
SALE-020920,18-01-2026,Chennai,2,South,2,B,P3,33847,454,Online,1
SALE-020921,02-01-2026,Delhi,3,North,1,E,P5,42957,442,Retail,2
SALE-020922,08-01-2026,Bangalore,1,West,3,C,P3,52410,420,Wholesale,3
SALE-020923,02-05-2026,Chennai,2,South,2,C,P3,88642,295,Online,1
SALE-020924,28-04-2026,Bangalore,1,West,3,B,P4,20866,371,Wholesale,3
SALE-020925,22-03-2026,Delhi,3,North,1,D,P1,68798,203,Retail,2
SALE-020926,08-02-2026,Bangalore,1,West,3,E,P3,46846,83,Online,1
SALE-020927,12-02-2026,Delhi,3,North,1,C,P4,82618,323,Online,1
SALE-020928,22-03-2026,Mumbai,4,West,3,E,P1,99005,207,Online,1
SALE-020929,02-03-2026,Bangalore,1,West,3,D,P1,65649,499,Retail,2
SALE-020930,14-02-2026,Delhi,3,North,1,C,P2,69325,204,Retail,2
SALE-020931,10-05-2026,Bangalore,1,West,3,A,P2,12637,277,Retail,2
SALE-020932,04-05-2026,Bangalore,1,West,3,E,P2,25431,224,Retail,2
SALE-020933,03-02-2026,Delhi,3,North,1,B,P1,68152,396,Retail,2
SALE-020934,30-01-2026,Chennai,2,South,2,A,P4,51301,415,Wholesale,3
SALE-020935,30-04-2026,Bangalore,1,West,3,A,P5,11913,220,Retail,2
SALE-020936,21-03-2026,Bangalore,1,West,3,E,P3,3446,345,Online,1
SALE-020937,23-03-2026,Chennai,2,South,2,B,P2,38060,191,Retail,2
SALE-020938,12-03-2026,Mumbai,4,West,3,A,P3,20071,130,Wholesale,3
SALE-020939,22-02-2026,Bangalore,1,West,3,E,P5,67878,102,Online,1
SALE-020940,14-03-2026,Delhi,3,North,1,C,P3,19054,410,Wholesale,3
SALE-020941,24-04-2026,Chennai,2,South,2,A,P3,80881,223,Online,1
SALE-020942,28-01-2026,Bangalore,1,West,3,A,P4,89038,75,Online,1
SALE-020943,25-04-2026,Mumbai,4,West,3,A,P4,51869,141,Online,1
SALE-020944,21-01-2026,Delhi,3,North,1,C,P2,93941,438,Retail,2
SALE-020945,25-01-2026,Mumbai,4,West,3,B,P1,92066,289,Wholesale,3
SALE-020946,06-02-2026,Mumbai,4,West,3,D,P4,30868,164,Retail,2
SALE-020947,26-03-2026,Delhi,3,North,1,D,P2,92199,390,Retail,2
SALE-020948,29-01-2026,Delhi,3,North,1,D,P1,9067,293,Retail,2
SALE-020949,31-03-2026,Delhi,3,North,1,D,P2,37496,443,Retail,2
SALE-020950,28-01-2026,Chennai,2,South,2,A,P4,94121,457,Wholesale,3
SALE-020951,13-04-2026,Delhi,3,North,1,A,P3,70328,286,Wholesale,3
SALE-020952,04-05-2026,Mumbai,4,West,3,E,P2,72320,131,Online,1
SALE-020953,21-04-2026,Mumbai,4,West,3,C,P2,91471,352,Online,1
SALE-020954,14-02-2026,Mumbai,4,West,3,C,P5,91481,170,Wholesale,3
SALE-020955,29-04-2026,Bangalore,1,West,3,E,P4,15484,353,Wholesale,3
SALE-020956,14-04-2026,Delhi,3,North,1,A,P4,23591,207,Wholesale,3
SALE-020957,07-05-2026,Bangalore,1,West,3,A,P5,50164,217,Wholesale,3
SALE-020958,01-01-2026,Bangalore,1,West,3,B,P2,76622,436,Online,1
SALE-020959,10-04-2026,Chennai,2,South,2,B,P4,70132,199,Wholesale,3
SALE-020960,19-03-2026,Mumbai,4,West,3,B,P3,39786,341,Online,1
SALE-020961,11-05-2026,Mumbai,4,West,3,C,P1,76879,54,Wholesale,3
SALE-020962,14-01-2026,Mumbai,4,West,3,C,P1,48894,331,Online,1
SALE-020963,14-03-2026,Bangalore,1,West,3,E,P3,14878,490,Wholesale,3
SALE-020964,23-03-2026,Bangalore,1,West,3,D,P5,52177,370,Online,1
SALE-020965,14-02-2026,Mumbai,4,West,3,D,P4,71949,158,Retail,2
SALE-020966,03-04-2026,Mumbai,4,West,3,B,P5,50909,481,Online,1
SALE-020967,19-01-2026,Mumbai,4,West,3,C,P2,18100,55,Online,1
SALE-020968,05-02-2026,Bangalore,1,West,3,D,P4,18296,93,Online,1
SALE-020969,27-04-2026,Mumbai,4,West,3,E,P4,82190,142,Retail,2
SALE-020970,17-02-2026,Mumbai,4,West,3,D,P4,47070,165,Wholesale,3
SALE-020971,02-03-2026,Mumbai,4,West,3,A,P5,65794,483,Wholesale,3
SALE-020972,10-01-2026,Delhi,3,North,1,E,P5,48599,67,Retail,2
SALE-020973,21-01-2026,Mumbai,4,West,3,C,P1,76556,296,Wholesale,3
SALE-020974,21-01-2026,Chennai,2,South,2,E,P3,61440,314,Wholesale,3
SALE-020975,21-03-2026,Bangalore,1,West,3,D,P1,90162,374,Online,1
SALE-020976,12-05-2026,Bangalore,1,West,3,E,P1,61955,282,Retail,2
SALE-020977,17-03-2026,Mumbai,4,West,3,C,P4,46757,458,Wholesale,3
SALE-020978,08-03-2026,Delhi,3,North,1,A,P5,98728,205,Online,1
SALE-020979,14-01-2026,Bangalore,1,West,3,D,P5,22661,343,Wholesale,3
SALE-020980,22-01-2026,Delhi,3,North,1,E,P1,38093,298,Wholesale,3
SALE-020981,13-03-2026,Chennai,2,South,2,A,P3,33536,117,Wholesale,3
SALE-020982,08-02-2026,Delhi,3,North,1,A,P1,79644,139,Retail,2
SALE-020983,05-05-2026,Mumbai,4,West,3,B,P3,92351,170,Retail,2
SALE-020984,09-02-2026,Chennai,2,South,2,A,P3,11562,124,Wholesale,3
SALE-020985,12-02-2026,Mumbai,4,West,3,D,P2,87094,275,Retail,2
SALE-020986,30-01-2026,Chennai,2,South,2,C,P1,84682,185,Wholesale,3
SALE-020987,02-05-2026,Bangalore,1,West,3,D,P4,62920,204,Online,1
SALE-020988,22-04-2026,Chennai,2,South,2,D,P4,34922,124,Retail,2
SALE-020989,11-01-2026,Bangalore,1,West,3,D,P4,89431,211,Retail,2
SALE-020990,11-03-2026,Bangalore,1,West,3,C,P4,80517,383,Wholesale,3
SALE-020991,11-04-2026,Delhi,3,North,1,C,P1,33968,385,Retail,2
SALE-020992,28-03-2026,Mumbai,4,West,3,B,P5,26049,316,Wholesale,3
SALE-020993,18-01-2026,Chennai,2,South,2,E,P1,88685,54,Retail,2
SALE-020994,25-04-2026,Bangalore,1,West,3,A,P5,14119,400,Retail,2
SALE-020995,07-01-2026,Delhi,3,North,1,C,P3,25807,67,Online,1
SALE-020996,01-02-2026,Bangalore,1,West,3,E,P2,79062,376,Online,1
SALE-020997,17-02-2026,Bangalore,1,West,3,E,P2,49777,386,Online,1
SALE-020998,20-01-2026,Bangalore,1,West,3,B,P3,39109,289,Wholesale,3
SALE-020999,19-01-2026,Mumbai,4,West,3,D,P3,34229,132,Retail,2
SALE-021000,08-03-2026,Delhi,3,North,1,D,P4,44101,80,Online,1
